sample_id,acc_x_mps2,acc_y_mps2,acc_z_mps2,voltage_v
0,0.21636,1.422889,10.249964,-0.004592
1,0.454533,1.266644,10.335169,0.001334
2,0.663895,1.391776,10.367421,0.007637
3,0.967941,1.342335,10.320732,0.00733
4,1.093196,1.400713,10.405223,0.012897
5,1.274435,1.049991,10.390796,0.022243
6,1.433321,1.084898,10.45246,0.025366
7,1.510831,0.89983,10.468062,0.025288
8,1.162432,0.842171,10.344513,0.023083
9,1.589915,0.663331,10.476937,0.031499
10,1.50988,0.630245,10.407207,0.03354
11,1.587574,0.562551,10.437842,0.035709
12,1.411951,0.318928,10.336237,0.033776
13,1.424154,0.48426,10.297705,0.026837
14,1.509616,0.251606,10.395647,0.038624
15,1.553515,-0.040704,10.23677,0.036592
16,1.46856,-0.314045,10.352924,0.043408
17,1.299747,-0.231594,10.401087,0.045445
18,1.410852,-0.493426,10.319104,0.041425
19,1.467937,-0.610417,10.372931,0.049226
20,1.30428,-0.695703,10.250625,0.040204
21,1.381291,-0.727541,10.5172,0.050561
22,1.559451,-0.844313,10.53602,0.058096
23,1.658194,-1.042681,10.55186,0.061719
24,1.885567,-1.013055,10.667929,0.0661
25,2.054326,-1.054805,10.502983,0.06417
26,1.976996,-0.968045,10.641365,0.069151
27,1.843788,-1.071439,10.650051,0.065295
28,2.183489,-1.163557,10.769424,0.074062
29,2.327609,-1.03734,10.616507,0.073252
30,2.495458,-1.298225,10.684136,0.0793
31,2.674062,-1.165912,10.855909,0.088168
32,2.790539,-1.281579,10.661442,0.087711
33,2.865892,-1.298715,10.738852,0.091681
34,2.838372,-1.034656,10.641914,0.082574
35,2.46912,-1.059135,10.589914,0.081481
36,2.476407,-1.018557,10.436445,0.071628
37,2.479092,-0.940862,10.623881,0.075591
38,2.181052,-0.952424,10.48522,0.068677
39,2.071078,-0.863561,10.377161,0.063596
40,2.124897,-0.899723,10.310689,0.067241
41,1.800141,-0.980216,10.206895,0.058564
42,1.571702,-0.89584,10.197656,0.048079
43,1.130521,-0.922938,10.01985,0.036367
44,1.222288,-0.905697,9.818405,0.036161
45,0.879985,-1.137083,9.829557,0.032076
46,0.611033,-0.967596,9.728225,0.021302
47,0.561448,-0.958054,9.530297,0.018318
48,0.346588,-0.880718,9.340411,0.009976
49,0.165149,-1.172476,9.549124,0.013627
50,0.35096,-1.268254,9.339569,0.012496
51,-0.095683,-1.284682,9.211608,0.003605
52,-0.335978,-1.161569,9.152696,0.000111
53,-0.252442,-1.405982,9.361008,0.003088
54,-0.339865,-1.564262,9.097777,0.001847
55,-0.018962,-1.608988,8.894593,0.000958
56,-0.027534,-1.607998,8.839587,0.00058
57,-0.005454,-1.509089,9.0247,0.004526
58,-0.318643,-1.867484,8.976819,0.003337
59,-0.101873,-1.885039,8.883084,0.00222
60,-0.322209,-1.818098,8.800296,-0.003393
61,-0.156052,-1.765281,9.007713,0.006758
62,-0.303213,-2.015628,8.97018,0.008103
63,-0.202854,-1.903852,9.316684,0.012069
64,-0.337899,-1.9202,9.061232,0.010118
65,-0.345717,-2.075744,9.076892,0.00778
66,-0.570094,-2.041707,8.958153,-0.005184
67,-0.831766,-1.874498,9.194498,-0.004194
68,-1.147936,-2.01033,9.218942,-0.004596
69,-1.07432,-1.659863,9.199578,-0.006156
70,-1.412113,-1.723797,9.191178,-0.016361
71,-1.862237,-1.549716,9.266053,-0.024697
72,-1.893034,-1.425887,9.39163,-0.023221
73,-2.065678,-1.411416,9.251878,-0.032863
74,-2.203598,-1.228391,9.403404,-0.029054
75,-2.22912,-1.182747,9.30346,-0.037558
76,-2.456272,-0.942973,9.178956,-0.039896
77,-2.537859,-1.046759,9.272164,-0.043878
78,-2.686626,-0.681593,9.245181,-0.056341
79,-2.873276,-0.524394,9.303581,-0.050761
80,-2.531281,-0.684193,9.247434,-0.053152
81,-2.533835,-0.335363,9.083169,-0.051879
82,-2.598174,-0.438386,9.19008,-0.056096
83,-2.581165,-0.192145,9.273492,-0.059132
84,-2.450516,0.130593,9.100564,-0.061019
85,-2.338229,-0.034687,9.228861,-0.054145
86,-2.334753,0.285299,9.258799,-0.058564
87,-2.147867,0.094823,9.321246,-0.051108
88,-1.863118,0.208224,9.308747,-0.047769
89,-1.67593,0.251165,9.372073,-0.041636
90,-1.638819,0.216135,9.28636,-0.045897
91,-1.612785,0.411774,9.42301,-0.039383
92,-1.107379,0.342019,9.376813,-0.035205
93,-1.295454,0.197539,9.562468,-0.030812
94,-1.268008,0.26995,9.610545,-0.026525
95,-1.179935,0.259211,9.735774,-0.024115
96,-1.211542,0.38229,9.922378,-0.022815
97,-0.948808,0.269008,10.055905,-0.017417
98,-1.167548,0.433262,10.133132,-0.019967
99,-1.278004,0.360652,10.11815,-0.023584
100,-1.2351,0.322752,10.097579,-0.019522
101,-1.160784,0.237521,10.444643,-0.008729
102,-1.275331,0.232448,10.505867,-0.014691
103,-1.25456,0.246633,10.537076,-0.009511
104,-1.208247,0.441349,10.622326,-0.010844
105,-1.337241,0.426836,10.709199,-0.006637
106,-1.238218,0.39334,10.714535,-0.008114
107,-1.078149,0.264911,10.826332,0.000877
108,-0.846961,0.716718,10.764417,-0.004373
109,-0.856267,0.750957,10.66949,-0.005803
110,-0.880856,0.372743,10.653059,-0.005981
111,-0.396805,0.626765,10.792452,0.002788
112,-0.249217,0.693767,10.901913,0.007341
113,-0.192418,0.913169,10.775229,0.008549
114,0.150192,0.882326,10.697233,0.008438
115,0.468081,1.14754,10.694683,0.013997
116,0.565949,1.203843,10.675656,0.016198
117,0.862604,1.291265,10.530763,0.015021
118,1.039612,1.468426,10.413314,0.014036
119,1.170842,1.461104,10.600396,0.014672
120,1.521308,1.646365,10.38675,0.02038
121,1.886063,1.535502,10.303585,0.025332
122,1.696973,1.779547,10.385816,0.020029
123,1.94312,1.904225,10.273282,0.02174
124,1.995398,1.994199,10.259209,0.018147
125,2.088092,1.997604,10.188998,0.019948
126,2.301294,2.078981,10.304133,0.025284
127,2.238757,2.112328,10.243447,0.022421
128,2.10748,1.998008,10.214509,0.014141
129,2.050805,2.136054,10.302331,0.018219
130,2.100736,2.079983,10.116426,0.011906
131,1.801879,1.915094,10.246943,0.014716
132,1.912249,2.01768,10.279734,0.019158
133,1.694128,1.929331,10.154378,0.007007
134,1.787689,2.010926,10.196844,0.011303
135,1.78453,1.582951,10.210163,0.019122
136,1.547645,1.873545,10.269187,0.011077
137,1.586544,1.605625,10.141839,0.010109
138,1.763195,1.652028,10.232519,0.015169
139,1.868192,1.64853,10.163145,0.016057
140,1.554812,1.391888,10.047253,0.013634
141,1.847103,1.098843,10.245093,0.031353
142,1.639985,1.009309,10.018076,0.017389
143,1.839002,0.796952,9.970219,0.029977
144,1.824309,0.936884,9.808903,0.021293
145,2.019012,1.073419,9.876373,0.021844
146,2.194302,0.751045,9.677296,0.026818
147,2.178314,0.748706,9.732863,0.025755
148,2.304305,0.845028,9.52749,0.027775
149,2.25745,0.543005,9.719804,0.031435
150,2.458145,0.65926,9.298398,0.024064
151,2.208717,0.41052,9.197637,0.020793
152,2.289381,0.560021,9.222418,0.018445
153,2.014638,0.450201,9.074435,0.01327
154,2.012769,0.408608,9.053076,0.011956
155,1.866853,0.548147,9.006431,0.009431
156,1.493117,0.464369,8.942344,0.002889
157,1.299421,0.5272,8.953571,-0.003279
158,1.260174,0.568164,8.823661,-0.005284
159,1.046559,0.551459,8.69904,-0.01375
160,0.946445,0.528551,8.717482,-0.015628
161,0.646772,0.474322,8.785134,-0.019888
162,0.185795,0.587695,8.716161,-0.028204
163,0.210689,0.528138,8.746611,-0.029271
164,0.020102,0.628486,8.771063,-0.030824
165,-0.419529,0.520643,8.79611,-0.037194
166,-0.481128,0.396716,8.808211,-0.037984
167,-0.770644,0.486809,8.69175,-0.043542
168,-0.655695,0.456075,8.814794,-0.042446
169,-0.86591,0.167284,8.968792,-0.034774
170,-0.948732,0.297336,9.033462,-0.037447
171,-0.819529,0.274656,9.031184,-0.036884
172,-0.947846,0.343694,9.12953,-0.039475
173,-1.076481,-0.116537,9.250116,-0.033466
174,-1.110879,-0.208925,9.201229,-0.029043
175,-1.1047,-0.299132,9.368915,-0.026254
176,-0.8791,-0.170156,9.413876,-0.025401
177,-0.93395,-0.320024,9.422808,-0.024443
178,-0.784422,-0.541652,9.485888,-0.013627
179,-0.804639,-0.606406,9.53498,-0.010339
180,-0.699731,-0.627439,9.652111,-0.01009
181,-0.556333,-1.018539,9.59887,-0.002149
182,-0.882179,-0.986307,9.538772,-0.007369
183,-1.104518,-1.185265,9.574191,-0.010288
184,-1.336295,-1.269955,9.644367,-0.00808
185,-1.530458,-1.556312,9.637189,-0.006189
186,-1.633475,-1.25072,9.743354,-0.01627
187,-1.82449,-1.551495,9.616028,-0.009451
188,-2.009434,-1.587097,9.833025,-0.013717
189,-2.177112,-1.749332,9.752222,-0.013779
190,-2.212952,-1.915745,9.735974,-0.016325
191,-2.633043,-1.88568,9.630837,-0.02347
192,-2.272484,-1.656656,9.717,-0.020926
193,-2.536036,-1.749579,9.752282,-0.022781
194,-2.440386,-1.866617,9.776117,-0.01824
195,-2.69215,-1.945853,9.830991,-0.023671
196,-2.818985,-1.632357,9.953162,-0.024971
197,-2.887431,-1.817198,10.027913,-0.023143
198,-2.557106,-1.880357,9.977521,-0.011661
199,-2.894741,-1.573452,9.915836,-0.027974
200,-2.566415,-1.55308,9.880421,-0.027698
201,-2.478242,-1.570587,10.134813,-0.016026
202,-2.394358,-1.550403,10.215491,-0.011862
203,-2.006188,-1.301901,10.309808,-0.007684
204,-1.882104,-1.410175,10.437895,-0.004227
205,-1.649008,-1.409848,10.444295,4e-05
206,-1.359994,-1.273667,10.689041,0.013371
207,-1.515079,-1.314223,10.729747,0.009448
208,-1.263808,-1.176174,10.721195,0.011235
209,-1.009866,-1.165573,10.587103,0.016493
210,-0.924949,-0.954624,10.752587,0.013504
211,-0.563572,-1.219288,10.834152,0.03095
212,-0.647174,-1.210685,10.929711,0.029448
213,-0.378266,-0.979284,11.175577,0.032829
214,-0.481766,-1.146245,11.0311,0.036294
215,-0.355425,-1.126683,10.872851,0.027684
216,-0.224171,-1.014719,10.893156,0.036334
217,-0.335132,-0.990894,10.753879,0.026821
218,-0.40545,-1.080918,10.918878,0.029708
219,-0.41979,-0.927827,10.845871,0.030399
220,-0.44058,-1.105929,10.873838,0.031224
221,-0.286352,-1.305423,10.707812,0.035134
222,-0.505147,-1.142595,10.53121,0.020757
223,-0.379032,-1.091351,10.529699,0.026629
224,-0.409372,-1.304959,10.327333,0.020854
225,-0.139996,-1.339142,10.452467,0.029856
226,-0.157272,-1.223166,10.199436,0.019062
227,0.155171,-1.316509,9.994694,0.025399
228,0.107965,-1.180877,10.029249,0.021847
229,0.227304,-1.447498,9.955559,0.023969
230,0.412414,-1.47795,9.821325,0.024465
231,0.68844,-1.348725,9.778864,0.031785
232,0.970174,-1.274125,9.782751,0.038684
233,1.234148,-1.121366,9.563278,0.030852
234,1.172706,-1.137063,9.757852,0.034195
235,1.715609,-1.110233,9.739282,0.040984
236,1.828447,-0.868135,9.708349,0.042511
237,2.279871,-0.843263,9.608068,0.041502
238,2.422536,-0.721096,9.534337,0.050939
239,2.493583,-0.547729,9.502503,0.046835
240,2.374757,-0.543483,9.693122,0.042452
241,2.588542,-0.24342,9.76834,0.049898
242,2.31124,-0.232753,9.605011,0.04124
243,2.681044,-0.203523,9.568705,0.048224
244,2.722975,0.319679,9.557586,0.041729
245,2.689769,0.392251,9.637674,0.041203
246,2.312588,0.262562,9.645618,0.033467
247,2.308179,0.478557,9.518126,0.029008
248,2.079674,0.665172,9.546488,0.022131
249,1.996071,0.850233,9.648076,0.018961
250,2.114485,0.963893,9.251464,0.010375
251,1.77468,1.045687,9.43829,0.010313
252,1.820652,0.958542,9.317292,0.005455
253,1.630275,1.105305,9.339373,0.001699
254,1.682503,1.265301,9.393691,0.00519
255,1.538066,1.284792,9.259668,-0.004039
256,1.632996,1.421197,9.307772,-0.001464
257,1.500126,1.311113,9.087288,-0.005705
258,1.44898,1.259301,9.166692,-0.00529
259,1.490966,1.366109,8.978616,-0.00985
260,1.508484,1.146264,8.908422,-0.011572
261,1.5841,1.133045,8.93378,-0.004753
262,1.64,1.217989,8.849999,-0.013564
263,1.521554,1.18542,8.808639,-0.011436
264,1.573256,1.183013,8.718328,-0.014932
265,1.762317,1.116764,8.834253,-0.003716
266,1.823074,1.138358,8.665931,-0.01063
267,1.549088,1.364424,8.65385,-0.017178
268,1.64787,1.022123,8.712072,-0.013473
269,1.508772,0.889605,8.779178,-0.009685
270,1.453777,1.034625,8.784878,-0.008539
271,1.367329,1.026853,8.778759,-0.010809
272,1.212983,1.044251,8.974754,-0.011595
273,1.108118,0.972194,9.128847,-0.006314
274,0.935971,0.9087,9.013988,-0.015046
275,0.624511,1.096229,9.117512,-0.016398
276,0.415,0.883413,9.243464,-0.023825
277,0.075502,1.071172,9.328193,-0.02505
278,-0.133887,1.11557,9.59433,-0.019735
279,-0.473151,1.35577,9.441379,-0.037644
280,-0.393782,1.067343,9.712221,-0.027316
281,-0.820192,1.3384,9.893786,-0.033684
282,-1.017646,1.48702,9.824831,-0.040865
283,-1.199023,1.502789,9.996597,-0.040874
284,-1.401242,1.594439,9.986288,-0.044129
285,-1.475607,1.55917,10.001554,-0.043073
286,-1.701134,1.808109,10.1403,-0.051859
287,-1.602243,1.765658,10.2325,-0.041367
288,-1.718597,1.728457,10.162858,-0.049823
289,-1.777293,1.869438,10.243799,-0.049848
290,-1.767803,1.907625,10.225607,-0.051984
291,-1.671833,1.867145,10.195912,-0.045675
292,-1.514578,1.906362,10.301314,-0.041824
293,-1.575782,1.987236,10.427234,-0.042405
294,-1.474259,1.967912,10.26744,-0.046845
295,-1.377791,1.692503,10.434413,-0.032582
296,-1.432735,1.809639,10.426649,-0.039923
297,-1.576806,1.686448,10.260559,-0.044597
298,-1.418401,1.688676,10.212346,-0.036313
299,-1.622498,1.464065,10.305648,-0.039316
300,-1.444406,1.435316,10.194175,-0.039256
301,-1.636139,1.445201,10.243762,-0.038237
302,-1.562375,1.38364,10.364218,-0.03334
303,-1.636273,1.107716,10.286318,-0.039057
304,-1.802783,0.966395,10.35979,-0.032566
305,-2.118256,0.803101,10.325335,-0.039329
306,-2.058188,0.657775,10.387568,-0.037771
307,-2.457544,0.713741,10.31421,-0.044535
308,-2.482419,0.371645,10.425105,-0.03738
309,-2.294803,0.43135,10.47704,-0.030776
310,-2.360642,0.306409,10.507706,-0.028885
311,-2.340972,0.216698,10.724202,-0.022742
312,-2.482434,-0.065226,10.534446,-0.027957
313,-2.785124,-0.113467,10.731081,-0.029943
314,-2.488652,-0.277489,10.656077,-0.019739
315,-2.461992,-0.191107,10.860097,-0.015296
316,-2.493584,-0.155295,10.695579,-0.023272
317,-2.256534,-0.235766,10.667244,-0.017328
318,-2.036987,-0.307051,10.744197,-0.009306
319,-2.002193,-0.30814,10.782455,-0.013832
320,-1.665035,-0.429675,10.708262,-0.006034
321,-1.525715,-0.607526,10.84324,0.000953
322,-1.35082,-0.356504,10.714793,0.002382
323,-0.861826,-0.503082,10.533205,0.009551
324,-0.724483,-0.499979,10.454002,0.011225
325,-0.536688,-0.596083,10.546087,0.011276
326,-0.464133,-0.560087,10.352206,0.009332
327,-0.299238,-0.363519,10.338642,0.012905
328,0.063679,-0.46217,10.227005,0.018136
329,0.271089,-0.326273,10.231922,0.021277
330,0.301263,-0.589743,10.08956,0.020362
331,0.263655,-0.464288,9.881403,0.013857
332,0.416779,-0.568056,9.829597,0.014484
333,0.239349,-0.39322,9.684689,0.005409
334,0.280787,-0.426909,9.612784,0.003963
335,0.278351,-0.504843,9.553891,0.003819
336,0.435536,-0.609945,9.654253,0.0106
337,0.276671,-0.558655,9.286232,0.003347
338,0.584432,-0.676786,9.303415,0.007556
339,0.372547,-0.563928,9.301785,0.00116
340,0.5747,-0.668482,9.21972,0.005069
341,0.430254,-0.949499,9.17886,0.006361
342,0.207211,-0.86922,9.127375,0.003577
343,0.534258,-1.040259,9.181487,0.011322
344,0.683657,-0.838893,9.067921,0.008148
345,0.978916,-1.344467,8.995482,0.014943
346,0.978555,-1.305784,9.142514,0.017826
347,1.198378,-1.352025,9.085774,0.024648
348,1.337831,-1.535709,9.159918,0.028564
349,1.426332,-1.789863,9.177339,0.038139
350,1.632176,-1.728951,9.022481,0.038404
351,1.785192,-1.827951,9.256926,0.043666
352,2.176649,-1.901393,9.189881,0.053547
353,2.063544,-1.916718,9.210531,0.05338
354,2.350133,-2.06302,9.250188,0.05872
355,2.375776,-2.083935,9.333212,0.061217
356,2.525774,-2.017375,9.090253,0.052572
357,2.712858,-2.081424,9.258027,0.063596
358,2.745548,-2.235848,9.254812,0.064469
359,2.76186,-2.052244,9.08865,0.061269
